start	end	text
30000	32000	アッシュだったキュースプロジェット
32000	33920	おビーフェッチ
33920	35440	ビーフェッチ
35440	40420	フィーシュアガンスガンスガンスガンスガンスガンスガンスガンスガンスガンスガンスガンスガンスガンスガンスガン
40420	41800	時刻は6時になりました
41800	43120	こんばんは、お芸 somewhere
43120	45120	こんばんは南武広民です
45120	46540	TVSラジオキリセーションに
46540	48460	生放送でお送りしている
48460	49420	お芸市キセッション
49420	50840	今夜もよろしくお願いします
50840	52340	よろしくお願い致します
52340	52940	はい
52940	53600	ということで
53600	55940	寒い日が続きますなという感じですけれども
55940	57260	寒いというかあれだね
57260	58640	GAPがあるね
58640	59620	午前と
59620	60880	ま、午前というか朝をと
60880	61880	判断さがありますね
61880	62880	判断さがある
62880	64380	その通りでございます
64380	67380	なので着るものに迷ったりするんですけども
67380	68380	そうですよ
68380	71380	なんか夜帰り道寒くなるからと思って
71380	75380	ちょっと圧然のものを撮ると歩いてたらちょっと汗ばんだりして
75380	79380	ちょうど私たちの出勤時間と体勤時間って
79380	80880	食らう時間じゃないですか
80880	81880	その判断さ
81880	82880	あ、そうですね
82880	84880	出勤してくる時間、家を出る時間というのは
84880	86880	例えば2時とか3時とかそういうぐらいに
86880	88380	あ、じゃあそろそろだなっていうかっこで
88380	89380	高坂に向かい
89380	92380	どこかで出かけてたりしたとしてもね
92380	94380	もうちょっと倍回るかもしれない
94380	96380	でも終わったら終わったで
96380	97380	9時10時とかでしょ
97380	100380	残業とかあると10時とかになったりするじゃないですか
100380	102380	そうするとサマってなるじゃないですか
102380	103380	帰るんですよ
103380	105380	TBSの曲者出た瞬間に
105380	108380	うわ、サムって言っちゃいますよね
108380	110380	最近多いですよね、この会社
110380	112380	現間出てっていうことですけどね
112380	113380	この判断さにやられないように
113380	116380	皆さんも本当にご自然ください
117380	120380	では有官と長官各市読んでいきたいと思います
120380	121380	お願いします
121380	122380	3系新聞
122380	123380	一面トップ
123380	125380	ガザ最大病院に突入
125380	127380	イスラエル群ハマス光線
127380	129380	他の新聞も同じ記事
129380	131380	同じニュースを大きく使ってまして
131380	132380	アサイ新聞
132380	134380	イスラエル群病院突入
134380	136380	院内に数千の民間人
136380	139380	マインシムはイスラエル群病院突入
139380	141380	ガザ最大カンジャラ多数
141380	143380	そして読み売り新聞は
143380	145380	ガザ最大病院に突入という
145380	147380	こういった記事になっております
147380	148380	日系新聞は企業利益
148380	150380	うわぶれ13%増ということで
150380	153380	経済関連の記事になってるんですが
153380	154380	一面ではなく2面では
154380	156380	ガザ最大病院突入という
156380	158380	ような記事になっております
158380	160380	これが今日の長官の様子ですね
160380	162380	各市大きく取り扱ってるんだということが
162380	163380	分かります
163380	164380	東京新聞は
164380	165380	ライセンスもとへ
165380	167380	完成品輸出要任
167380	169380	防衛装備移転巡り
169380	171380	与党合意ということで
171380	173380	与党内、自民党と公明党が
173380	175380	防衛装備品を輸出する
175380	177380	そのルールを関話をするための
177380	178380	協議を行っておいて
178380	180380	その方向で向かっているよと
180380	182380	実際に協議をしたとしても
182380	183380	その歯止め規定がないではないか
183380	185380	っていうことが指定されております
185380	187380	3面と4面で
187380	188380	ガザ最大の病院に
188380	191380	群が突入という記事を取り扱っています
191380	193380	このイスラエルパーシャスな問題で
193380	195380	病院をこれまでさまざまに攻撃してきた
195380	196380	なけどはなく
196380	197380	イスラエル側や病院に
197380	199380	ハマスの何かがあるんだということを
199380	201380	言い続けているわけですけれども
201380	204380	実際にそこが戦闘の舞台になりましたよ
204380	205380	ということが
205380	207380	紹介されていたんですね
207380	209380	ユウカンを読んでいきたいなと
209380	210380	思います
210380	212380	ユウカンなんですけれども
212380	214380	ユウカンは大きく扱われていた
214380	216380	ニュースが一つありました
216380	217380	それは何かというと
217380	219380	米中首脳会談の話ですね
219380	221380	アサイ新聞のみらし
221380	223380	軍同士の競技再開合意
223380	225380	米中首脳が会談という
225380	226380	記事になっています
226380	228380	みらし紹介しますと
228380	229380	ユミリ新聞だと
229380	231380	国防隊は再開で行為
231380	233380	侮発的衝突を回避
233380	234380	日系新聞は
234380	236380	米中軍事隊は再開で行為
236380	238380	侮発的な衝突を防ぐ
238380	240380	というようなことになっていました
240380	241380	米中については
241380	242380	もう価値観の遭遇などが
242380	244380	非常に大きくありまして
244380	245380	しかも両方ともに
245380	247380	軍事隊国でもあるということで
247380	250380	この2国間でさまざまな衝突があると
250380	252380	日本経済だけじゃなくて
252380	253380	世界経済
253380	254380	安全保障
254380	255380	いろんなところに対して
255380	257380	相当の影響が与えられるわけですね
257380	259380	人の移動などにおいてもそうです
259380	260380	そうしたところで
260380	262380	最低なことを起きないとしましょうという
262380	264380	ラインですね
264380	265380	そういったラインというものを
265380	267380	しっかりと作っていくということを
267380	268380	合意しながら
268380	269380	台湾と交流というものを
269380	271380	これから重ねていくということになります
271380	273380	習近平氏は台湾問題に対して
273380	275380	アメリカ側が関与しないように
275380	276380	というふうに
276380	277380	要求して一方で
277380	279380	バイン電子も中国に対して
279380	280380	台湾相当性に対して
280380	282380	介入しないようにという
282380	284380	そうにこれには介入しないでね
284380	285380	というのを伸べる
285380	286380	といったようなことがある
286380	287380	アメリカが
287380	289380	反動隊などの輸出
289380	290380	受け入れてよ
290380	292380	というのを要求したりしておりまして
292380	294380	アメリカ側がどう反動するのか
294380	295380	ということだったりするんですが
295380	296380	こうしてのやりとりだ
296380	298380	ということが紹介されています
298380	299380	ということで
299380	302380	朝日読み売り日経一面それでしたね
302380	304380	一面トップではないものの
304380	305380	東京新聞でも
305380	307380	一面の左側
307380	309380	前日新聞でも一面の左側に
309380	312380	米中石卒拡大で合意という
312380	314380	記事が載っております
314380	316380	なお一面朝日新聞などにおいては
316380	317380	アンポリー
317380	318380	ガザ人道的給氏
318380	320380	初裁拡という動きであるとか
320380	321380	ユメル新聞
321380	322380	イスラエル側
322380	324380	ガザ最大病院に指令室
324380	327380	べき回収市長ということになっておりまして
327380	328380	各新聞とも
328380	330380	イスラエルが交差をしているということを
330380	332380	誤解ないように
332380	334380	そのイスラエル側の市長だよ
334380	335380	というところが伝えているのも
335380	336380	ファクトの裏取りが
336380	337380	あるわけではないよということも
337380	339380	伝えるようなニュアンスの
339380	340380	タイトルとか
340380	341380	ミラシとかそうしたものを
341380	343380	クリオしているような状況であるんですが
343380	345380	今回はイスラエルカギカッコ
345380	347380	ガザ最大病院に指令室
347380	349380	べき回収市長ということで
349380	350380	イスラエル側が交談だという風に
350380	352380	発信しているということですね
352380	354380	こうした動きの中
354380	356380	とりわけ注目をされる一つのニュース
356380	358380	米中首脳会談の様子ですけれども
358380	360380	衝突回避というのは
360380	361380	いかに大事なのか
361380	362380	現在の衝突に対して
362380	363380	介入するのは
363380	365380	なかなかに難しい中で
365380	366380	そもそも衝突しないように
366380	367380	するためというのは
367380	368380	とても重要になってくるわけですね
368380	370380	この米中の話を今日は
370380	372380	特集で取り扱っていきたいと思います
373380	374380	ではこの後最新のニュースを
374380	376380	お送りするデリニュースセッションです
386380	388380	ねえ、旦那さんの会社のこと聞いちゃった
388380	390380	え、噂話?
390380	392380	もうみんな知ってると思うな
392380	393380	みんな?
393380	395380	だってラジオCMで
395380	396380	よく聞くから
396380	397380	立派な会社ね
397380	399380	やだもう
399380	400380	ブランディングアップには
400380	402380	ラジオCM
402380	403380	詳しくはTBSラジオ
403380	405380	営業で検索してください
407380	409380	この時間は
409380	411380	毎日新聞社
411380	414380	日本財団の提供でお送りします
430380	432380	ここからは最新のニュースを
432380	434380	お送りするデリニュースセッション
434380	436380	まずはこちらのニュースからです
440380	442380	軍事態は再開で合意
442380	445380	1年ぶりの米中首脳会談
448380	450380	アメリカのバイレン大統領と
450380	452380	中国の習近平国家指摘は
452380	454380	1年ぶりに会談し
454380	457380	不足の事態による衝突を避けるため
457380	460380	軍同士の対話を再開することで
460380	462380	合意しました
462380	464380	両首脳は4時間あまり
464380	466380	共に過ごし
466380	468380	衝突は望まない
468380	470380	協力できる分野では
470380	473380	協力するという姿勢を示し
473380	475380	会談後には
475380	477380	揃って庭を散歩する様子を
477380	479380	報道時に公開するなど
479380	481380	緊張関話をアピールしました
483380	485380	アメリカ政府交換によりますと
485380	489380	習首席は台湾を巡る議論の中で
489380	492380	アメリカで2027年か
492380	494380	2035年に
494380	497380	中国が軍事行動を
497380	500380	計画しているという報道があるが
500380	502380	そんな計画はないとも
502380	504380	話したということです
504380	506380	ただ台湾問題では
506380	509380	バイレン氏が台湾海峡の平和と
509380	511380	安定の維持の重要性に
511380	513380	言及したのに対し
513380	515380	習首席は
515380	517380	中国の平和統一を
517380	518380	支持すべきと
518380	521380	平行線を辿ったということです
521380	523380	その他
523380	526380	気候変動対策での連携協会や
526380	528380	AI人口知能
528380	530380	中等情勢なども
530380	532380	話題に上がりました
532380	534380	三宅防衛生務官
534380	537380	生下がいを改めて否定
539380	542380	三宅信号防衛生務官は
542380	545380	今日の参議院外交防衛委員会で
545380	547380	週刊文書が報じた
547380	550380	事務所スタッフだった女性への
550380	552380	性課外について
552380	555380	全く身に覚えがない
555380	557380	セクハラの事実はないと
557380	559380	確信していると述べ
559380	562380	改めて報道を否定しました
562380	565380	今日発売の週刊文書は
565380	567380	三宅氏が10年前
567380	569380	都内の飲食店で
569380	572380	事務所スタッフの女性に対し
572380	574380	抱きつき
574380	576380	キスを迫るなどの
576380	579380	性課外を行ったと報じていますが
579380	582380	事実関係を正された三宅氏は
582380	585380	セクハラを伺わせるような
585380	588380	当時のメールのやり取りもないことなどを
588380	590380	踏まえ
590380	593380	記事にあるようなセクハラの事実はないと
593380	596380	確信していると視聴しました
596380	599380	2013年10月27日に
599380	602380	女性から事務所内の人間関係を理由に
602380	605380	退職の移行をメールで伝えられ
605380	608380	事情を聞くために
608380	611380	有職でもいかがかと誘うメールを
611380	614380	送っていたことは認めました
614380	617380	ただ実際に食事をしたかどうかは
617380	620380	覚えていないとしました
620380	623380	米中首脳会談のニュースについては
624380	627380	国会の音声聞いていきたいですが
627380	630380	今日の国会の中でいろんなところが
630380	633380	やり取りされているのですが
633380	636380	今国会の中で様々な法案がやり取りされています
636380	639380	既に通りそうなものもあるのですが
639380	642380	強行採決されるのではないかと言われる
642380	645380	法案もあるわけです
645380	648380	国立大学法人法に
648380	651380	この時間はフォーカスしたいと思います
651380	654380	この法人法の改正が
654380	657380	政府側から目指されている
657380	659380	ということになるわけです
659380	662380	これに対して大学関係者や野党
662380	664380	一部野党などは
664380	667380	非常に反対している状況になっています
667380	669380	なぜならば
669380	672380	今回の大学法人改正が行われることになれば
672380	675380	実際に研究状況より悪化をする
675380	678380	また大学でいろんな自治
678380	680380	大学ことのフードを守ったり
680380	682380	大学で意思決定するということなどが
682380	684380	難しくなるではないかということが
684380	686380	言われているのです
686380	688380	この間大学については様々な
688380	691380	改定というか対応の状況が
691380	694380	変化してきたというのはご承知のとおりです
694380	696380	例えば研究費用というものが
696380	699380	非常に削られ削られていること
699380	702380	科学研究費などについて
702380	703380	相当削られている
703380	706380	これは博物館とかの運営費用なども
706380	709380	研究者などの大学運営に関わる
709380	713380	いわゆる基盤経費というような
713380	715380	ものについても削られて続けている
715380	717380	状況というのがあるんですね
717380	719380	なおかつ国の方針としては
719380	721380	選択と集中という言葉を使うことで
721380	724380	なんか目が出そうなところに
724380	726380	払いますと言ってるわけですよ
726380	728380	これは学術の考え方とは
728380	730380	程遠いもので目が出そうと言った時に
730380	731380	それは何の目なのかと
731380	733380	稼げそうという目なのか
733380	735380	それと褒められそうという目なのか
735380	737380	成果が出そうという目なのか
737380	738380	それによってももちろん変わるし
738380	739380	大学の研究というのは
739380	742380	成果が出ないことも成果なんですね
742380	743380	言うならば例えば
743380	745380	これとこれを組み合わせてみた結果
745380	747380	こんな良いものになるかと思ったら
747380	748380	なりませんでしたって
748380	749380	分かったとしましょう
749380	751380	さなると後ほどの研究者は
751380	752380	なるほどその組み合わせは
752380	753380	よくないんだなっていうことを
753380	754380	分かったようで別の研究に
754380	756380	行くことができるんですね
756380	758380	あるいは小分とかさまざまな
758380	761380	例えば文学とかあるいは歴史資料とか
761380	764380	色々な発掘とかなども含めて
764380	766380	それで何かが出てくることが
766380	768380	あることもあるかもしれないけれども
768380	770380	でも具体的な技術だるとか
770380	772380	能力など維持すること自体が
772380	774380	研究上重要なものでもあるということも
774380	775380	あるわけです
775380	778380	こうした中で今国立大学法人法
778380	780380	改正なるものが一定に何を
780380	781380	目指しているのかというと
781380	782380	よく言われるフレーズが
782380	784380	稼げる大学ということなんですね
784380	786380	この稼げる大学というのは
786380	788380	これまでは大学側に対して
788380	790380	相当程度規制されていた
790380	792380	大学校内の土地というものを
792380	794380	例えば民間企業に貸し出すこと
794380	795380	これについては
795380	797380	ものすごく観をすることによって
797380	799380	企業が大学の土地を利用できるように
799380	800380	しようじゃないか
800380	803380	そうしたことが盛り込まれたりしているんですね
803380	805380	またこれが非常に大きな
805380	807380	反対理由として
807380	809380	たくさんの方があげているんですけれども
809380	811380	運営方針会議という新たな合議題を
811380	813380	作って大学に対して
813380	816380	相当程度介入するということになるわけです
816380	818380	この運営方針会議というのは
818380	819380	学外
819380	821380	その大学の外側から
821380	823380	3人以上の人を招いて
823380	825380	その人が経営のさまざまな方針に対して
825380	828380	意見を述べていくということになるわけですね
828380	830380	これまでは
830380	833380	大学の役員会などの議論を経た上で
833380	835380	学長が意思決定することになるわけですけれども
835380	838380	運営方針会議が入ることによって
838380	840380	学長の決定よりも
840380	842380	運営方針会議によって場合によっては
842380	844380	くすがえることというのがあるわけだ
844380	846380	運営方針会議などを通じて
846380	848380	例えば在会とかいろいろな人材というものが
848380	850380	大学に入っていくことによって
850380	852380	大学の稼ぎるようにするんだということが
852380	854380	一つの目安にあげているわけだけど
854380	855380	いやいやそれだと
855380	857380	在会的な人材だけが
857380	860380	大学的評価になってしまうじゃないかとか
860380	861380	具体的な交換目標って
861380	863380	大学にはなかなか掲げにくいもので
863380	865380	研究期間であると同時に
865380	866380	教育期間なんだけど
866380	868380	その目的というのが
868380	870380	おろそかにされるじゃないかというのは
870380	872380	さまざまな反発を招いているというものなんですね
872380	873380	そうした法案について
873380	874380	昨日運営委員会では
874380	876380	どうやってやりとりがあったのか
876380	878380	立憲民主党の湯の木道吉修議院議員と
878380	881380	森山門務科学大臣とのやりとりです
882380	884380	これだけ急展開で今
884380	886380	ネミミに水とまさに
886380	889380	参考人先生方も内容したの先週だと
889380	891380	いうような先生もおられる中で
891380	893380	それだけ多くの方が
893380	895380	懸念を、疑念を持って
895380	897380	院内緊急集会
897380	898380	これはですね
898380	901380	まさにこんな法案聞いてないよということで
901380	903380	今のままの法案だったら
903380	904380	廃案にすべきだと
904380	907380	政府にいろんを
907380	910380	応やけに表明をする
910380	913380	例えば国立大学協会の学長さんたちもですね
913380	915380	本音はおかしいんじゃないか
915380	917380	これって思っていても
917380	919380	政府にはこれ言えないと
919380	921380	言ったら上高付近削られるんじゃないか
921380	923380	研究費つかないんじゃないかと
923380	925380	政府の今回のこの
925380	927380	第2の学術会議法とも言われる
927380	929380	国立大学法人法
929380	930380	どんどんどんどん
930380	932380	それこそ悪い方向に来ている
932380	933380	その中でこれが
933380	936380	まさにもう学術会議法の今後の
936380	937380	議員課の余計も含めて
937380	938380	合わせ技で
938380	940380	まさに大学のさっき大臣が
940380	941380	おっしゃったような
941380	944380	自主制自立制をマイナスにですね
944380	946380	どんどん運用されていく
946380	948380	こういう議論反論
948380	951380	院内緊急集会こういったところで
951380	953380	発言をされたり参加をされた
953380	954380	大学の関係者
954380	956380	あるいはその当該大学
956380	958380	こういった方々が
958380	960380	例えば予算を削られるとか
960380	962380	人事で拒否されるとか
962380	963380	そういう不利益を
963380	965380	込むことはないと
965380	967380	具体的に名言いただかないと
967380	968380	ふわっとした答弁では
968380	970380	懸念不職されないんです大臣
970380	972380	御答弁お願いします
972380	974380	森山大臣
974380	975380	繰り返しになりますが
975380	977380	運営法審議の承認につきましては
977380	980380	大学の自主制自立制に考える
980380	984380	申し出に明白な形式的反省や
984380	986380	違法制がある場合
986380	987380	明らかに不適切と
987380	989380	客観的に認められる場合を
989380	991380	除き消費することは
991380	993380	できないと考えております
993380	996380	本改正案への議論
996380	997380	あるいは意見表明を
997380	999380	行ったことを思って
999380	1002380	その方が運営法審議員の
1002380	1004380	任命に係る大臣の承認を
1004380	1006380	拒否されるということや
1006380	1007380	あるいはそういった方が
1007380	1010380	所属をする国立大学法人の
1010380	1011380	運営飛行付近を
1011380	1013380	削減することはございません
1013380	1014380	委員長
1014380	1015380	委員長
1015380	1016380	委員長
1016380	1018380	これ今重要な御答弁なんですね
1018380	1021380	重要な答弁なんですが
1021380	1024380	そういう答弁が国会でこの間
1024380	1026380	積み重ねられてきた
1026380	1029380	あるいは学術会議の場合も
1029380	1030380	同じように国会での答弁
1030380	1032380	同じような趣旨の答弁をあっても
1032380	1034380	実際には任命拒否が
1034380	1035380	起こっているわけですね
1035380	1036380	そこで一つ
1036380	1037380	これは少しでも
1037380	1038380	歯止めになればということで
1038380	1040380	通告しておりますが
1040380	1042380	今の御答弁重要なんですよ
1042380	1043380	初めてですそういう答弁は
1043380	1046380	その答弁も含めて
1046380	1048380	私たちは今のままの法案であれば
1048380	1050380	これは採決はもとより
1050380	1052380	法案の内容も反対ですけれども
1052380	1054380	しかしですね
1054380	1056380	法律が仮に施行される
1056380	1057380	来たときはですよ
1057380	1058380	今のことをですね
1058380	1060380	きちっとこれ私も
1060380	1062380	施行通知というのが
1062380	1064380	まさに現場に降りてくるわけですよ
1064380	1065380	今のような形で
1065380	1068380	運用ちゃんとしてくださいよと
1068380	1070380	今の御答弁
1070380	1072380	現場に分かるように
1072380	1073380	明記いただきたいんですよ
1073380	1074380	施行通知に
1074380	1076380	明記周知
1076380	1078380	お願いできますか
1078380	1080380	森山大臣
1080380	1082380	国会での答弁というのは
1082380	1084380	それだけ重いものであるというふうに
1084380	1086380	思っておりますので
1086380	1088380	それだけで十二分であるというふうに
1088380	1090380	私どもは考えておりますが
1090380	1092380	一般的に今の
1092380	1094380	御質問でございますので
1094380	1096380	法律の施行通知におきましては
1096380	1098380	法律の趣旨内容
1098380	1100380	あるいは法律の運用にあたって
1100380	1102380	留意すべき事項などを
1102380	1104380	記述することになります
1104380	1106380	今回運営方針委員の
1106380	1108380	任命に係る文部科学大臣の
1108380	1110380	承認にあたっては
1110380	1112380	大学の実施、自立性に
1112380	1114380	考み、申し出に
1114380	1116380	明白な形式的違反性
1116380	1118380	や違法性がある場合や
1118380	1120380	明らかに不適切と
1120380	1122380	客観的に認められる場合を
1122380	1124380	除いて拒否することはできない
1124380	1126380	という考え方も
1126380	1128380	明記の上周知を
1128380	1130380	図っていくつもりであります
1130380	1132380	はい
1132380	1134380	湯野紀議員と森山文科大臣との
1134380	1136380	お聞きいただきました
1136380	1138380	今回の国立大学法の改定によって
1138380	1140380	運営方針会議というのが
1140380	1142380	設立される
1142380	1144380	それによって学長以外の
1144380	1146380	3名以上の外部の人が入ってくることで
1146380	1148380	運営方針、大学の経営方針に
1148380	1150380	さまざまに意見を述べるような
1150380	1152380	状況になるということを述べました
1152380	1154380	これに対しては具体的な予算などについても
1154380	1156380	一定の権限というのが
1156380	1158380	つけられているんですね
1158380	1160380	なおかつ重要なのは
1160380	1162380	この運営方針会議の任命にあたっては
1162380	1164380	国の承認が必要となるわけです
1164380	1166380	つまり国が承認しなければ
1166380	1168380	運営方針会議にならない
1168380	1170380	のメンバーにならないということは
1170380	1172380	それを国が拒否することによって
1172380	1174380	国にとって都合がない人だけしか
1174380	1176380	大学のメンツに入れないではないか
1176380	1178380	という状況が作られるのではないか
1178380	1180380	ということを今聞いてたんですね
1180380	1182380	言うの貴様だからこそ
1182380	1184380	今回の議論というのが
1184380	1186380	日本学術会議の時だって任命拒否されたじゃないか
1186380	1188380	あの時だと本当に意味分かんなかったじゃん
1188380	1190380	何の説明もなかったじゃん
1190380	1192380	明らかに不当な場合以外を任命拒否できません
1192380	1194380	というのが現地を取り出したと
1194380	1196380	ただこの明らかに不当という範囲が
1196380	1198380	一体どのセンダーのかということも含めて
1198380	1200380	この法律が相当でいわゆるふわっとした
1200380	1202380	つまり曖昧の状況にあるということは
1202380	1204380	伝わるのかなと思います
1204380	1206380	こちらはまた取り入れたいと思います
1206380	1208380	飲んです
1208380	1210380	これからの時代を明るい未来へと
1210380	1212380	ブレークスルーしていくために
1212380	1214380	毎日新聞はコミュニケーションの
1214380	1216380	プロになる
1216380	1218380	伝えることで人と人をつなぎ
1218380	1220380	社会の在り方や人々の暮らしを
1220380	1222380	前向きに変えていく
1222380	1224380	コミュニケーターカンパニーへ
1224380	1226380	毎日新聞
1226380	1228380	人は支え合って生きていく
1228380	1230380	みんながみんなを支える社会を
1230380	1232380	日本財団は目指しています
1232380	1234380	困難を抱える子供たちをはじめ
1234380	1236380	障害のある方への支援や
1236380	1238380	災害復興支援
1238380	1240380	誰かのために
1240380	1242380	あなたにも私にも
1242380	1244380	できることがあるから
1244380	1246380	日本財団です
1248380	1250380	この時間は
1250380	1252380	毎日新聞社
1252380	1254380	日本財団の提供で
1254380	1256380	お送りしました
1266380	1268380	時刻は6時21分
1268380	1270380	ここでTVスラジオ交通情報
1270380	1272380	天気予報です
1272380	1274380	まずは警視庁から野村まみさんお願いします
1274380	1276380	はいお伝えします
1276380	1278380	あやせバステイ付近で9キロ
1278380	1280380	通過は20分かかっています
1280380	1282380	中央道の登りは
1282380	1284380	ニラサキ付近で工事のため
1284380	1286380	4キロを15分
1286380	1288380	コボトケトンネルで5キロ
1288380	1290380	通過は10分です
1290380	1292380	京王道はさやまパーキングエリア付近で
1292380	1294380	外周りが8キロを15分
1294380	1296380	反対内周りが
1296380	1298380	15キロを30分かかっています
1298380	1300380	外間道の内周りは
1300380	1302380	ミサトジャンクション付近で
1302380	1304380	上評者2台と
1304380	1306380	時代の事故の処理が続いています
1306380	1308380	この時間も
1308380	1310380	ろかたのみの通行のため
1310380	1312380	通りづらくなっています
1312380	1314380	重大はつながって
1314380	1316380	川口東を先頭に20キロ
1316380	1318380	通過は1時間15分かかっています
1318380	1320380	交わる上半道の登りは
1320380	1322380	ミサトジャンクションで11キロ
1322380	1324380	20分です
1324380	1326380	都内の一般道は
1326380	1328380	杉並区の高州街道の下り
1328380	1330380	桜上水駅北で
1330380	1332380	上評者の大天事故のため
1332380	1334380	この車線のうち左側に
1334380	1336380	車線が通れません
1336380	1338380	警視庁から以上です
1338380	1340380	きょうもよろしくお願いします
1340380	1342380	野村まみさんでした
1342380	1344380	ありがとうございました
1362380	1364380	本夜の関東地方
1364380	1366380	曇りで日付の変わる頃になりますと
1366380	1368380	雨の降るところありそうです
1368380	1370380	明日は朝から昼過ぎにかけて
1370380	1372380	雨で雨や風
1372380	1374380	強まる時間があるでしょう
1374380	1376380	傘を刺しても日差下が
1376380	1378380	濡れるくらいの雨になる時間も
1378380	1380380	ありそうです
1380380	1382380	朝の気温10度前後
1382380	1384380	日中の気温
1384380	1386380	南部は19度前後
1386380	1388380	北部は16度くらいになりそうです
1388380	1390380	土曜日と日曜日はほぼ晴れて
1390380	1392380	暖かくなるでしょう
1420380	1422380	この後も引き続き
1422380	1424380	デイリーニューセッションを
1424380	1426380	お送りします
1426380	1428380	国会の音声を振り返りながら
1428380	1430380	チキさんの解説です
1430380	1432380	はい
1432380	1434380	いろんな政治の課題が
1434380	1436380	語られてきたりしているんですけれども
1436380	1438380	その中で身を切る改革とか
1438380	1440380	あるいはさわざわなその
1440380	1442380	稼げるないないみたいなものが
1442380	1444380	あちこちで出てきたりしましたね
1444380	1446380	そのスローガンとかフレーズって
1446380	1448380	一見すると多い4つじゃんって
1448380	1450380	身を切る
1450380	1452380	見事であるみたいな
1452380	1454380	稼げないよりはいいよねみたいな
1454380	1456380	感覚があるんですが
1456380	1458380	これがむしろ稼げないとだめだよね
1458380	1460380	とか身を切る運ぬっていうくらいだから
1460380	1462380	無駄なものに金を使ってる必要はない
1462380	1464380	っていうような論理に展示して
1464380	1466380	例えば新構造に対する
1466380	1468380	自己責任化とか
1468380	1470380	あるいは文化、芸術
1470380	1472380	あるいはさまざまな学術研究などの
1472380	1474380	いわゆる情報インフラなのに
1474380	1476380	対する相当の疲弊
1476380	1478380	というものを招くということにも
1478380	1480380	繋がったりしているわけですよね
1480380	1482380	私たちの政権はコストカット型っていうふうに
1482380	1484380	コストカット型経済からの脱却
1484380	1486380	って言ったっていうのは
1486380	1488380	なるほどそれは大事なことにならないと思ったんですが
1488380	1490380	今度はだから稼げって言われると
1490380	1492380	ちょっと違うんじゃないかな
1492380	1494380	っていうふうになるわけですね
1494380	1496380	その辺りのつながりもちゃんと見ていきたいですね
1498380	1500380	毎日体の痛みが気になって
1500380	1502380	もやもやする皆さん?
1502380	1504380	同じような痛みを抱えた方から
1504380	1506380	こんなお声が届いています
1506380	1508380	腰が痛くて
1508380	1510380	家にこもりがち
1510380	1512380	買い物袋を持つのも辛い
1512380	1514380	痛くて孫を抱っこすることもできない
1516380	1518380	そんなとき通産党と出会いました
1518380	1520380	今は皆さん
1520380	1522380	毎日を笑顔で楽しんでいます
1522380	1524380	ラジオの前のあなたも
1524380	1526380	痛みをあきらめず
1526380	1528380	始めてみませんか
1528380	1530380	最瞬間制約書の通産党は
1530380	1532380	神経通による腰や膝を
1532380	1534380	患せつの痛みを
1534380	1536380	徐々に関わする
1536380	1538380	官邦に学んだ医薬品です
1538380	1540380	無料の試協薬の
1540380	1542380	申し込みは
1542380	1544380	0120
1544380	1546380	305の305
1546380	1548380	305の305
1548380	1550380	送料無料です
1550380	1552380	通産党は
1552380	1554380	指定第2類医薬品です
1554380	1556380	使用場の注意を
1556380	1558380	よく読んでお使いください
1558380	1560380	ウルトラッシュファイヤー
1560380	1562380	ワンマン決定
1562380	1564380	TVSラジオ公演
1564380	1566380	ウルスシ・ザ・ラストライブ
1566380	1568380	2023
1568380	1570380	絶対に埋めたい箱が大看山にある
1570380	1572380	12月23日
1572380	1574380	大看山ユニットで開催
1574380	1576380	チケット公表販売中
1576380	1578380	詳しくはTVSラジオ
1578380	1580380	ホームページのイベント情報まで
1588380	1590380	京子浜Dホールに
1590380	1592380	人気キルト作家の作品がたくさん集まります
1592380	1594380	とても華やかなイベントよ
1594380	1596380	ワールドキルトフェステバル
1596380	1598380	詳しくはTVSラジオイベントページまで
1618380	1620380	シャケレンアイトークで盛り上がります
1620380	1622380	今回会場でしか手に入らない
1622380	1624380	TVSラジオとの
1624380	1626380	コラボグッズを作りました
1626380	1628380	ポトスポットも用意しています
1628380	1630380	また配信でしか見ることができない
1630380	1632380	オリジナル企画もやりますよ
1632380	1634380	詳しくはTVSラジオ
1634380	1636380	ホームページのイベント情報まで
1636380	1638380	当日笑顔でお会いしましょう
1648380	1650380	テーマのリクエストや
1650380	1652380	公演当日の投票企画など
1652380	1654380	フォレスタファンと共に作る
1654380	1656380	1日限りのステージです
1656380	1658380	TVSラジオ公演
1658380	1660380	フォレスタコンサート
1660380	1662380	リクエストスペシャルイン文章は
1662380	1664380	12月13日水曜日
1664380	1666380	文章シリックホール大ホールで開催
1666380	1668380	チケットは公表販売中
1668380	1670380	お問い合わせは
1670380	1672380	サンライズプロモーション東京
1672380	1674380	0570-003337
1674380	1676380	0570-003337
1676380	1678380	0530-003337
1678380	1680380	5月5日
1680380	1682380	東山入りです
1682380	1684380	浜袋杉太郎です
1684380	1686380	金曜ワイドラジオ東京演画は
1686380	1688380	3時からは演画家に来たお客さんに
1688380	1690380	お知らせをしてもらうコーナー
1690380	1692380	演画は会欄版やってます
1692380	1694380	次回はシティポップの名曲を
1694380	1696380	たくさん出しているシンガーソングライターが
1696380	1698380	登場です
1698380	1700380	玉さん シティポップ聞いてきましたか
1700380	1702380	シティポップ?聞いてましたよ
1702380	1704380	イントロ
1704380	1711380	ごご1時半ごろからお送りしているスーさん、これもいいようでは、リスナーの皆さんから生活情報を教えてもらっています。
1734380	1757380	もりぐちひろこです。11月23日、勤労会社の日、夜8時からスペシャルプログラム、もりぐちひろこもにもりライトをお届けいたします。
1758380	1767380	今年5月にリリースしたもりぐちひろこの最新アルバムアニソンカマーズをなんとなんと大特集させていただけることになりました。
1768380	1773380	おかげさまで多くの方々から嬉しい感想をちょうだいしております。
1774380	1779380	さらにこの番組で解禁となるスペシャル情報もお伝えしますので、聞き逃さないでください。
1779380	1787380	もりぐちひろこもりもりライト、11月23日、勤労会社の日、夜8時から私と秋の夜長の一時をご一緒してください。
1809380	1819380	この後は、引き続き最新のニュースをお送りするデイリーニューセッション、国会音声とチキさんの解説をお送りします。
1820380	1825380	7時からは日替わりコメンテーターが今一番気になるトピックスを紹介するフロントラインセッションです。
1826380	1830380	今夜は、クリエイティブディレクターの杉浅子さんを迎えします。
1831380	1841380	7時40分ごろからは、ウィークリイングリッシュジャーナル、気に回すつかもどにきさんが海外ニュースから気になる英語をピックアップして、英語を学んでいこうというコーナーです。
1842380	1844380	今日は、レッドをピックアップします。
1845380	1853380	8時からの特集コーナーは、原則リスクが高まる中国経済はどうなるのかというテーマでお送りをします。
1853380	1860380	セッションエリア内でしたら、ラジコやYouTubeのTVSラジオ公式チャンネルからも音声聞くことができます。
1861380	1864380	また、放送後にはポットキャストでも音声配信されます。
1865380	1870380	聞き逃してしまった方、またもう一度、あの部分を聞き直したいという方、ご利用になってください。
1871380	1873380	それではこの後はデイリーニューセッションです。
1884380	1891380	300出席、230ヤードの大型練習場で毎月1回、ゴルフスクールを開催中。
1892380	1895380	TVSラジオ&川口グリーンゴルフ、ゴルフスクール。
1896380	1902380	お問い合わせ、お申し込みは050-3786-3954 ゴルフスクール事務局まで。
1914380	1916380	デイリーニューセッション
1921380	1926380	差しのニュースをお送りするデイリーニューセッション。続いてはこちらのニュースです。
1927380	1930380	ホストクラブの付け問題対策検討へ。
1932380	1939380	ホストクラブで女性客に高額な売り掛け金、いわゆる付けの支払いのため、
1939380	1943380	売信をさせるケースなどが急増している問題で、
1944380	1951380	地味花子消費者担当大臣は関係省庁と連携し、対策を検討する考えを示しました。
1952380	1960380	ただ、付けについて今の消費者契約法で規定することは困難との認識も示しています。
1961380	1968380	また、地味大臣はホスト側が女性客の行為を不当に利用して契約した場合、
1969380	1973380	契約を取り消すことができる可能性があると指摘した上で、
1974380	1982380	消費者契約法の取り消し権が悪質なホストによる被害の場合にどのように活用できるか、
1983380	1988380	ホームページなどを通じて周知する取り組みを進めたいと述べました。
1989380	1995380	一方、東京株基町などで悪質なホストクラブが問題となる中、
1995380	2000380	警察庁のつゆき町官は取締りを強化したいと強調。
2001380	2013380	また、つゆき町官は犯罪を行うために、理合を収算する匿名流動型犯罪グループが背後にいる可能性も指摘しました。
2014380	2019380	過ぎた身を議員の発言に与党内からも議議。
2020380	2028380	自民党の過ぎた身を主義議員が、政府の相ぬ文化関連事業の関係者を
2029380	2040380	高金中中と野郵したほか、在日コリアンへの差別デマとして知られる在日特権を存在するなどとSNSに投稿し、
2041380	2043380	再び批判を浴びています。
2044380	2049380	立憲民主党の長つま成長会長は、きょうの記者会見で過ぎた議員に関し、
2050380	2058380	自民党総裁の岸田総理が、注意とか説明を促すとか処分とか、何もしないのは信じられない、
2059380	2066380	おとがめなしでいいのか、行動として発信しないと許されないと強調しました。
2067380	2073380	過ぎたしに関して、立憲民主党が昨日開いた会合には、愛の団体が出席、
2074380	2081380	たはら両国代表は、デマ・差別を先頭する議員を黙って見ている社会は、
2082380	2084380	どうなってしまうのかと指摘しました。
2085380	2090380	一方、昨日公明党の高木洋介成長会長は記者会見で、
2090380	2098380	人権侵害と認定されている場合、問題に真摯に向き合ってほしいと区言を定しています。
2099380	2102380	それでは、きょうの国会音声引き続き聞いていきたいと思います。
2103380	2105380	まずは、6時代にも紹介をしました。
2106380	2110380	参議院外交防員会での三宅防衛生務官での石原義迫についての追求です。
2111380	2114380	立憲民主党福山鉄道参議院議員、木原防衛副大臣、
2115380	2117380	そして三原生務官、三宅生務官とのやり取りです。
2121380	2125380	あなたが石原まがいのことをしたという報道が出ています。
2126380	2128380	全く遺憾です。
2129380	2133380	三副大臣が自任をするというような状況を続いている中で、
2134380	2137380	この安全保障環境とかの状況の中で、
2138380	2140380	何でこんな侵異をしなきゃいけないのかということ自身が遺憾です。
2141380	2144380	このような報道が出ていることについて、まずは防衛大臣、どう考えてですか。
2145380	2146380	木原防衛大臣。
2147380	2155380	まずは、気について大変問題になっているということでございます。
2156380	2158380	三宅生務官におかれては、
2159380	2164380	昨夜、ぶら下がり会計の中で指摘されている気については、
2165380	2169380	全く身に覚えがないというのは答弁をされております。
2170380	2173380	防衛省としては、現在、省一丸となって、
2173380	2177380	ハラスメント対策というのは取り組んでいるところではありまして、
2178380	2184380	三宅生務官におかれましては、引き続き説明責任を果たしつつ、
2185380	2188380	こういう機会も今日はあるわけでございます。
2189380	2194380	三宅生務官として、職責をしっかりと果たしていただきたいというふうに考えております。
2195380	2198380	三宅生務官にお伺いします。
2198380	2203380	収官市に出ている栄子さんという方、
2204380	2207380	収務官の事務所でバイトをしていたということですが、
2208380	2210380	この栄子さんという方の認識はあるんですね。
2211380	2212380	いえすか、脳で答えてください。
2213380	2214380	三宅防衛大臣収務官。
2215380	2218380	私が事務所の女性二夫に対し、
2219380	2223380	10年前に積極腹を行ったとの御指摘の報道については、
2224380	2226380	全く身に覚えがございません。
2226380	2230380	そのもねは、収官分手に対してもお答えをいたしております。
2231380	2233380	その女性スタッフは、
2234380	2242380	2013年10月27日に電子メールで私当てに退職することを伝えてまいりました。
2243380	2246380	本県記事では、その女性二夫が、
2247380	2250380	私に相談のメールを送ったとありますけれども、
2251380	2255380	そのメールは、私に相談したいとの内容ではなく、
2256380	2260380	既に退職したいと申し出る旨のメールでございます。
2261380	2266380	退職の理由は、事務所スタッフとの不安と書かれていました。
2267380	2272380	この記事では、あたかも私から積極腹被害を受けたので、
2273380	2276380	退職したかのような内容になっておりますけれども、
2277380	2279380	そのような事実はありません。
2280380	2282380	年のため、記事が指摘する時期、
2282380	2286380	この女性スタッフが退職の移行を示し、
2287380	2290380	その後、退職に至るまでの間でございますけれども、
2291380	2293380	記事が指摘する時期の前後における、
2294380	2296380	その女性スタッフと私、
2297380	2300380	そしてまた事務所との間のメールを確認をいたしました。
2301380	2305380	積極腹を伺わせるようなやり取りは全くありません。
2306380	2309380	また、当時の私の事務所の他のスタッフや、
2309380	2316380	その女性スタッフを、私の事務所に紹介してくれた方にも確認をいたしました。
2317380	2322380	積極腹被害にあったなどということを耳にしたものはおりません。
2323380	2327380	さらに、その女性スタッフからは退職後、
2328380	2332380	今日に至るまで、積極腹に対する苦情といったものも含め、
2333380	2335380	何らの接触もございません。
2335380	2339380	私自身、全く身に覚えがないこと、
2340380	2342380	また、今ご説明申し上げましたように、
2343380	2348380	積極腹を伺わせるような当時のメールのやり取りもないことなどを踏まえ、
2349380	2355380	私は記事にあるような積極腹の事実はないと確信しております。
2356380	2361380	週刊文書に対しては、私が一切身に覚えがないと述べてきていること、
2361380	2368380	私がその女性スタッフとのメールなどを提示して反論しているにもかかわらず、
2369380	2374380	その女性スタッフの出場に偏った記事を掲載していることに対し、
2375380	2379380	本日弁護所を通じて、抗議文を提出いたしました。
2380380	2385380	また、週刊文書の出場の根拠についても質問をしているところでございます。
2386380	2390380	じゃあ、カラオケをこの女性と言ったことはあるんですか?
2391380	2395380	はい、それにつきましても、その事実を確認まだできておりません。
2396380	2400380	領収書を、当時の領収書を探しましたけれども、
2401380	2405380	そのような領収書は現時点では見つかっておりません。
2406380	2409380	10年前のことでございますので、そのような、もしメールのやり取りとか、
2410380	2413380	そういうのがあるかなと思い、全てをメールについては調べましたけれども、
2413380	2415380	全く出てきておりません。
2416380	2418380	私、メールの存在なんか一個も聞いてません。
2419380	2421380	言ったかどうかということだけを聞いているんです。
2422380	2426380	あなたは女性は特定できている。その方と言ったかどうかについては全く答えてくれてません。
2427380	2430380	覚えてませんと。
2431380	2433380	じゃあ、セクラ行為があったかどうかはどうですか?
2434380	2438380	この記事にありますような異常な行為を、
2438380	2442380	もしなされていたのであれば、
2443380	2447380	私は記憶に残っていると思いますけれども、
2448380	2451380	私はそのような身に覚えはございませんし、
2452380	2455380	冒頭に申し上げましたように、ひょっとしたらということがありますので、
2456380	2459380	当時のメールをすべて調べました。メールにつきましては、
2460380	2465380	当時の退職したいといういただいたメールの前後も含めまして、
2465380	2468380	メールを調べましたけれども、
2469380	2473380	セクラ行為があったかのようなメールは一切ございません。
2474380	2477380	立憲民主党福山徹労議員というお宮城勢務官、
2478380	2481380	そして間に気払い防衛大臣とのやり取りもありました。
2482380	2485380	宮城勢務官は今回の件については完全にないということで否定をしたと。
2486380	2489380	ただし、当時のやり取りはメールなどが残っていないこと、
2490380	2494380	あるいは領収者などが残っていないということも一つの冒頭としてあげたわけですが、
2495380	2497380	今のところ文書に対しても抗議をしたということで、
2498380	2499380	今日はこれ以上の進捗というのはありませんでした。
2500380	2501380	では、一方、先ほどのニュースにもありました。
2502380	2504380	衆議院消費者問題特別委員会のやり取りを聞いていきましょう。
2505380	2508380	悪質ホストクラブ売り掛け金問題についてです。
2509380	2512380	立憲民主党のわせだ勇気衆議院議員と自民消費者担当大臣とのやり取りです。
2513380	2519380	本日は、悪質なホストクラブ等の被害対策について伺ってまいります。
2520380	2523380	大臣もご存知のように近年、歌舞伎町などで、
2523380	2527380	悪質なホストやホストクラブによる10代、
2528380	2532380	20代の弱年女性に対して視力を超えた、
2533380	2537380	もう完全に支払い不能な多額な飲食材を請求し、
2538380	2541380	そしてそれを売り掛け金という形で払えなければ、
2542380	2545380	付属を圧戦する、売春を圧戦するという、
2546380	2548380	悪質商法の被害が急増しております。
2548380	2554380	最初は甘い言葉で声をかけ、1、2回、そして3、4回通用とシャンパンを入れてほしい。
2555380	2560380	そしてこれ飲食材ですから、付属すると担当ホストが肩代わりをする。
2561380	2564380	そしてそれを売り掛け金という形でやっていきます。
2565380	2567380	そうすると雪だるまのように増えていく。
2568380	2571380	でもそれを断る素辺がないんです、彼女たちには。
2572380	2577380	次のページ、売り掛けが取り消せる可能性があることが認知されていない。
2578380	2584380	そして売春、付属の圧戦をされるがままになっていく。
2585380	2586380	借金を追い込んでいく。
2587380	2588380	そして売春まで行う。
2589380	2590380	そういうことは自己責任なんでしょうかと。
2591380	2596380	地味大臣、この案件について、これは評算の一角です。
2597380	2599380	このことについてどのような感想を持ちでしょうか。
2600380	2601380	はい、地味大臣。
2602380	2607380	報道でされているような枠質なホストクラブによります。
2608380	2613380	正直に考えて非常に問題があると考えているところでもございます。
2614380	2617380	委員もおっしゃっていただきました、取り消しということでもございますが、
2618380	2620380	消費者契約法は消費者の利益を守るため、
2621380	2624380	消費者契約について不当な関与による契約の取り消し等を
2625380	2626380	起こしているところでもございます。
2627380	2631380	感情、行為の感情ということも言及していただきましたけれども、
2632380	2637380	行為の感情などを不当に利用した契約、いわゆるデート処方につきましては、
2638380	2644380	消費者契約法の第4条、第3項、第6項に取り消し権を定めてございまして、
2645380	2649380	枠質なホストクラブの処方が本場で定める要件に該当すれば、
2650380	2655380	消費者の維新に基づき取り消すことができる可能性があると考えてございます。
2656380	2657380	和田君。
2658380	2662380	この消費者契約法第4条、3項、6項の行為の感情な不当な利用、
2662380	2671380	これがまさに絵に描いたような、この枠質なホストクラブ等で行われている実態ではないでしょうか。
2672380	2677380	大臣、今デート処方違反、消費者契約法違反の疑いの可能性ということを
2678380	2679380	お認めになったということでよろしいですかね。
2680380	2681380	はい。
2682380	2683380	君大臣。
2684380	2686380	具体的には、消費者契約の定決を勘誘する際に、
2686380	2691380	消費者が社会生活上の経験が飛ぼしいといったところから、
2692380	2696380	感悠者に対して恋愛感情、その他の行為の感情抱き、
2697380	2700380	かつ、感悠者も消費者に同様の感情を抱えていると、
2701380	2706380	消費者が誤信していることを知りながら、これに常時契約を定決しなければ、
2707380	2710380	消費者との関係が破綻することになってしまう、
2711380	2712380	そういったことになることを告げることにより、
2712380	2716380	消費者が困惑し、契約を定決した場合に、
2717380	2719380	これを取り消すことができるということで、
2720380	2722380	4つの要件を書かせていただいているところでございます。
2723380	2724380	はい、わざくん。
2725380	2729380	恋愛感情に常時点、そして借金をどんどんゆきだるま式に増やしていく、
2730380	2731380	そして売春を発展する。
2732380	2739380	ここで重要なのは、消費者取り消費者契約法違反の疑いがあるということです。
2739380	2743380	それは、この売春がなければ成り立たないのではなくて、
2744380	2752380	まずは、この売り掛け金という課題な視力を超えた売り掛け金をどんどん被害者にやっていく、
2753380	2756380	そうした商売のスキームということ自体が、
2757380	2760380	もう社会的に破綻をしていると私は思いますし、
2761380	2763380	大臣も同じ思いでいらっしゃると思います。
2763380	2768380	その上で、この消費・生活相談として、
2769380	2773380	実体ハークの状況、実体ハークをもっとさらにしていただきたいと思います。
2774380	2779380	立憲民主党を忘れやき衆議院議員と自民・消費者担当大臣とのやり取りを聞いていただきました。
2780380	2786380	今回、ニュースなどでも、例えば売売春を要求するあるいはそうしたことを発展するというか、
2787380	2789380	推奨するようなこういうのが取り算されているけれども、
2789380	2791380	そもそものスキームとして売り掛け金ということで、
2792380	2796380	本人の現在の主力では支払い不可能な金銭というものを要求する。
2797380	2801380	そうしたことをしなければ、今度ホストの側がそれを被るような構図になっていると、
2802380	2805380	こうしたスキームそのものが一定程度破綻しているのではないかということで、
2806380	2808380	上限を設けるなり取り消し要件などを設けるなど、
2809380	2812380	いろんなことが必要なのではないかということが議論されているということです。
2813380	2815380	では、デーリーニューセッションニュース続けます。
2816380	2819380	東京都高等区の区長選挙をめぐる
2820380	2824380	公職選挙法違反、容疑事件の関係先として、
2825380	2829380	東京知県特争部は自民党、かきざわみ党、
2830380	2834380	衆議院議員の事務所のかたく操作などを行いました。
2835380	2839380	この事件をめぐっては、かきざわ議員が自盤とする
2840380	2843380	公職選挙法違反、容疑事件の関係先として、
2843380	2846380	かきざわ議員が自盤とする高等区で、
2847380	2850380	今年4月に行われた区長選挙の際、
2851380	2854380	当選したきむらやよ石の人影が、
2855380	2858380	YouTube上に投票を呼びかける有料広告を出したとして、
2859380	2862380	特争部が公職選挙法違反の疑いで操作しています。
2863380	2866380	その際、かきざわ議員は、
2867380	2870380	きむら市側に広告を進めたとして、
2870380	2873380	先月31日、法務副大臣を自任。
2874380	2878380	さらに、かきざわ議員の事務所は、この区長選の前に、
2879380	2884380	10人以上の高等区議に現金提供を申し出ていることも分かっていて、
2885380	2889380	特争部は実際に現金を受け取った区議らから
2890380	2894380	2位で事情を聴取し、きょう、一部の区議の自宅などを
2895380	2898380	カタク操作しています。
2898380	2902380	かきざわ議員の関係者は、周囲に区議に対する
2903380	2907380	人中見舞いだとして、売周の意図を否定しています。
2908380	2912380	指定していました。
2913380	2917380	ガザの病院めぐり情報線の様子を、
2918380	2922380	イスラエル軍はパレッシナ自治区ガザ最大規模のシファ病院で
2923380	2927380	多数の武器を見つけたと主張し、映像を公開しました。
2928380	2932380	これに対し、イスラム組織ハマスは、
2933380	2937380	病院に武器があるとのイスラエル軍の主張は、
2938380	2942380	明白な嘘であると否定。
2943380	2947380	ろいたつしによりますと、カタールに滞在するハマス官部は
2948380	2952380	イスラエルの自作自演だと避難しているということです。
2953380	2957380	一方、ガザ地区をめぐり、国連の安全保障理事会では
2958380	2962380	感動回路の設置などを求める決議が採択されました。
2963380	2967380	ガザの子どもを保護する必要性を強調する内容となっていて、
2968380	2972380	これまでイスラエルを用語してきたアメリカは、
2973380	2977380	拒否券を講師せず採択を事実上容認しました。
2978380	2982380	以上、デイリーニューセッションでした。
2983380	2987380	お知らせに続いて、TVSラジオショッピングです。
2988380	2992380	さあと2024の開催が決定しました。
2993380	2997380	4月23-24の2日間、場所は東京ガーデンシアターです。
2998380	3002380	詳しくはイベント公式サイトをご覧ください。
3003380	3007380	この時間は、各社の提供でお送りしました。
3019380	3023380	毎日の暮らしにうるお湯を届けするTVSラジオショッピング
3024380	3028380	本日の担当TVSラジオキャスターのやらぎさわれいさんです。
3029380	3032380	ナムさん、かにはお好きですか?
3033380	3037380	美味しいし、この季節にあるとね。
3038380	3042380	今日は甘くてプリプリとろけるような食感のお刺身で食べられる
3042380	3045380	生ホンズワイガにむきみあし肉をご紹介します。
3046380	3048380	生?刺身ですか?
3049380	3053380	そこがもうね、ぜひどうぞと出ましたいポイントなんですけれども、
3054380	3057380	生のホンズワイガに登場ということで、
3058380	3061380	刺身で食べられるホンズワイガにはやっぱりなかなかご紹介できないんです。
3062380	3066380	手が届かないというか、なかなか見かけもしないですよね。
3067380	3069380	そうなんです。しかもこちらは、
3069380	3072380	ホンズワイガにの足の肉の最も太い、
3073380	3076380	第一足肉だけを食べやすいようにむきみにしたものなんです。
3077380	3080380	ですから、身が詰まっているのが一目瞭然ですし、
3081380	3083380	からをむく手間もありません。
3084380	3085380	立派ですよね。
3086380	3088380	今目の間にいらっしゃる。
3089380	3091380	そんなね、稽古使いたくなりますよね。
3092380	3094380	はい、こちら大ぶりなものを厳選してますので、
3095380	3098380	身がしっかり旨みもぎゅっと詰まって食べ応えがあるんです。
3099380	3101380	まずは、カリのお刺身から見せ上がってください。
3102380	3104380	いいですか。ちょっとかぼすをしましょう。
3105380	3108380	これすごい太いのと長い。
3115380	3116380	甘い。
3117380	3119380	お刺身生は甘いですよね。
3120380	3121380	プリプリです。
3122380	3124380	美味しくて一瞬で食べちゃわちゃったんですけどね。
3125380	3126380	ペロリーです。
3127380	3128380	美味しいですよね。私もペロリーでした。
3129380	3131380	あまり甘いでしたね。
3132380	3133380	美味しかったですよね。
3134380	3135380	あまり食べる機会になることがないので、
3136380	3137380	本当に楽しんでいただきたいですよね。
3138380	3140380	こちら、北極海のバレンス海域で
3141380	3143380	5月から8月までの春の量で水上げされた
3144380	3145380	ホンズワイガニを
3146380	3148380	船の上で生のまま急速冷凍。
3149380	3151380	さらに徹底した鮮度管理と加工によって
3152380	3154380	専門店でいただくようなプリプリで甘い生のカニを
3155380	3157380	ご家庭で味わうことができるんです。
3157380	3159380	そのまま、楽しんでいただきたいんですけども、
3160380	3161380	それはもちろん、カニ鍋、
3162380	3164380	天ぷら、バター焼きなど、いろんな食べ方で
3165380	3166380	お楽しみください。
3167380	3168380	中でもおすすめなのが、
3169380	3170380	スタンデオにもご用意したシャブシャブです。
3171380	3172380	見ようとですよ。
3173380	3174380	何まで食べられるほどのカニですから、
3175380	3176380	ぜひシャブシャブもレアでどうぞ。
3177380	3179380	なんか火が通ってくるんってなってる
3180380	3181380	カニをいただきます。
3182380	3183380	はい、色も鮮やか。
3184380	3185380	んー!
3186380	3187380	ポン酢もつけずに、そのままで
3188380	3191380	いや、うま味がもうすっごいです。
3192380	3193380	そうですよね。
3194380	3195380	カニエキス。
3196380	3197380	ズワイカニエキス。
3198380	3199380	食いしんぼうで面倒の私は、
3200380	3202380	むきみになってる状態はなんて素晴らしいかと
3203380	3204380	食べやすい。
3205380	3207380	からむきの手間がなくなったら天国ですよね。
3208380	3210380	シャブシャブすると、
3210380	3212380	なんか食感がプリッとまたして、
3213380	3214380	いいですよね。
3215380	3216380	中がレアで美味しいです。
3217380	3219380	これぜひおしめの増水まで楽しんでいただけますからね。
3220380	3221380	うま味たっぷり出たね。
3222380	3223380	スープで美味しいね。
3225380	3227380	もうお箸まで浮き浮きダンシングです。
3228380	3229380	驚きましたね。
3230380	3231380	今回のセット内容なんですが、
3232380	3233380	大売りの第一足肉が
3234380	3236380	15本から30本入って合計500g。
3236380	3239380	からなしのむきみでの500gですから、
3240380	3241380	ボリュームがあるんです。
3242380	3243380	これはご家族みなさんで、
3244380	3245380	お友達とお仲間と一緒に
3246380	3247380	カニパーティーするのもいいですよね。
3248380	3249380	もう存分に楽しめる量です。
3250380	3252380	カニ専門店でこれだけの量の
3253380	3254380	生の本ズワイカニを食べたら、
3255380	3256380	お値段がちょっと結構いきそうです。
3257380	3258380	するでしょう。
3259380	3260380	もうするでしょう。
3261380	3262380	任せください。
3263380	3264380	TVSショッピングでは、
3264380	3265380	実現しました。
3266380	3267380	甘くてプリプリ、
3268380	3270380	お刺身で食べられる生本ズワイカニ、
3271380	3272380	むきみ足肉500gは、
3273380	3275380	お買い毒な税込み5,980円です。
3277380	3278380	驚いていただきましたよね。
3279380	3280380	そしてバイナー。
3281380	3282380	1kgセットはさらにお買い毒です。
3283380	3287380	単品合計価格1万1,960円のところ、
3288380	3291380	2,980円引きの税込み8,980円。
3292380	3293380	倍なのに?
3294380	3295380	すごい。
3296380	3298380	これ丸ごと1杯の姿にすると、
3299380	3301380	5杯から10杯分のボリュームでして、
3302380	3303380	太くて立派な第1足肉が
3304380	3305380	30本から60本です。
3306380	3308380	やったー。第1足肉。
3309380	3310380	ここがいいよね。
3311380	3312380	美味しい。
3313380	3314380	ただし数に限りがありますので、
3315380	3317380	お申し込みはお早めにお願いします。
3318380	3319380	正味期間は冷凍で、
3320380	3321380	製造日より2年ありますので、
3322380	3323380	年末年使用にもおすすめです。
3324380	3326380	なお、12月下旬にお届けする
3327380	3328380	年末届けも受けたままあります。
3329380	3330380	ペット総量を頂戴します。
3331380	3332380	お申し込みは、
3333380	3336380	フリーダイヤル012-0234-954
3337380	3340380	012-0234-954番です。
3341380	3343380	お届け、変品、総量などについても
3344380	3345380	お問い合わせください。
3346380	3347380	インターネットからもご購入いただけます。
3348380	3349380	TVスラジオショッピングでした。
3350380	3351380	年末の準備もですね、
3352380	3353380	カニの準備もですね。
3354380	3355380	ヤナギサーレーさんでした。
3356380	3357380	TVSラジオショッピングでした。
3384380	3386380	時刻は6時56分、
3387380	3388380	ここで毎日新聞社がお送りする
3389380	3391380	TVSラジオ交通情報です。
3392380	3395380	警視庁からのむらまみさん、お願いします。
3396380	3397380	お伝えします。
3398380	3399380	外観道の内周りは
3400380	3401380	ミサトジャンクション付近で、
3402380	3405380	この時間も車3台の事故の処理が続いています。
3406380	3408380	ろかたのみの通行のため通りづらくなっています。
3409380	3412380	渋滞はその先の外観ミサト西を先頭に13キロ、
3412380	3415380	通過は1時間5分かかっています。
3416380	3418380	首都高速道路は3号線の下り、
3419380	3421380	サンゲンジャや付近でトラックが故障して
3422380	3424380	左側に止まっているため3キロ半、
3425380	3426380	渋谷から25分です。
3427380	3429380	神奈川のほどがやばいパスの上りは、
3430380	3431380	しもかわいいんたー付近で、
3432380	3434380	車両数台が関係する事故のため、
3435380	3437380	追い越し車線を帰省しています。
3438380	3440380	警視庁から以上です。
3440380	3442380	ご視聴ありがとうございました。
3470380	3472380	発信型ニュースプロジェクト
3473380	3475380	おぎうえちき
3476380	3477380	サッション
3480380	3482380	この後、指示からは日替わりのコメンテーターが
3483380	3485380	今一番気になるトピックを紹介するフロントラインセッションです。
3486380	3488380	今日のケストは筋浅子さんが登場です。
3489380	3492380	7時40分ごろからのWeekly English Journal 気に入ります。
3493380	3495380	つかもとにきさんが海外ニュースから気になる英語を
3496380	3498380	ピックアップして英語を学んでいこうというコーナーです。
3498380	3500380	今夜のピックアップはレッド
3501380	3503380	レッドイッドビートのレッドです。
3504380	3506380	そして8時からの特集コーナーは
3507380	3511380	伝速リスクンが高まる宇宙国経済はどうなるのかというテーマでお送りします。
3512380	3514380	今回の米中首脳会談も
3515380	3518380	中国経済のどんか、つまり中国経済が失促していることを受けて
3519380	3522380	修憲兵士が台米関係を改善したいという
3523380	3525380	そうした意欲があるんだというように説明されますよね。
3525380	3527380	例えば中国経済というのは今どうなっているのか、
3528380	3530380	そしてなぜそれが台米関係などに影響しているのかなど
3531380	3532380	じっくり伺っていきたいと思います。
3533380	3534380	まもなくCになります。
3555380	3556380	TBSラジオ
3586380	3587380	お聞きの放送は
3588380	3590380	FM90.5MHz
3591380	3592380	AM954KHz
3593380	3594380	TBSラジオです。
3595380	3596380	7時をお知らせします。
